{
  "os":  "Linux-6.1.0-39-amd64-x86_64-with-glibc2.39",
  "python":  "CPython 3.12.3",
  "startedAt":  "2025-12-07T04:31:15.379989Z",
  "args":  [
    "--dataset.repo_id=masato-ka/donuts-shop-close-box-dataset-v0",
    "--batch_size=32",
    "--steps=40000",
    "--save_freq=20000",
    "--output_dir=outputs/train/smolvla_greate_akihabara_mission2",
    "--policy.repo_id=masato-ka/smolvla-donuts-shop-close-box-v0",
    "--job_name=smolvla_exp1_close_box",
    "--policy.device=cuda",
    "--policy.path=lerobot/smolvla_base",
    "--policy.push_to_hub=true",
    "--wandb.enable=true",
    "--wandb.project=mission2",
    "--rename_map={\"observation.images.front\": \"observation.images.camera1\", \"observation.images.back\": \"observation.images.camera2\"}"
  ],
  "program":  "/opt/venv/bin/lerobot-train",
  "root":  "outputs/train/smolvla_greate_akihabara_mission2",
  "host":  "robotics-jupyter-launcher-7992",
  "executable":  "/opt/venv/bin/python",
  "cpu_count":  160,
  "cpu_count_logical":  160,
  "gpu":  "AMD Instinct MI300X VF",
  "gpu_count":  1,
  "disk":  {
    "/":  {
      "total":  "2162185003008",
      "used":  "1146283409408"
    }
  },
  "memory":  {
    "total":  "2029207175168"
  },
  "gpu_amd":  [
    {
      "id":  "0",
      "uniqueId":  "0x6a6e8c982764f12d",
      "vbiosVersion":  "113-M3000100-103",
      "performanceLevel":  "auto",
      "maxPower":  "750.0",
      "series":  "AMD Instinct MI300X VF",
      "model":  "0x74b5",
      "vendor":  "Advanced Micro Devices, Inc. [AMD/ATI]",
      "sku":  "M3000100",
      "sclkRange":  "500Mhz - 2100Mhz",
      "mclkRange":  "900Mhz - 1300Mhz"
    }
  ],
  "writerId":  "jlpz4aovtabc8f9f85e2tnr0agthwoc4"
}